{
  "best_parameters": {
    "lambda_over": 0.1,
    "lambda_under": 0.1,
    "theta_queue": 0.1
  },
  "smart_order": {
    "total_cash_spent": 1113700.0,
    "average_fill_price": 222.74
  },
  "baselines": {
    "best_ask": {
      "total_cash_spent": 1114102.2800000003,
      "average_fill_price": 222.82045600000006
    },
    "twap": {
      "total_cash_spent": 1114102.2800000003,
      "average_fill_price": 222.82045600000006
    },
    "vwap": {
      "total_cash_spent": 1114102.2800000003,
      "average_fill_price": 222.82045600000006
    }
  },
  "savings_vs_baselines_bps": {
    "best_ask": 3.610799539879539,
    "twap": 3.610799539879539,
    "vwap": 3.610799539879539
  }
}